{
  "n_estimators": 6,
  "num_leaves": 45,
  "min_child_samples": 16,
  "learning_rate": 0.417570363437641,
  "log_max_bin": 8,
  "colsample_bytree": 0.9574343838921054,
  "reg_alpha": 0.0017485462160287148,
  "reg_lambda": 0.3786010209182269
}