{
  "n_estimators": 4,
  "max_leaves": 6,
  "min_child_weight": 0.1960588634309318,
  "learning_rate": 1.0,
  "subsample": 0.8906644943370298,
  "colsample_bylevel": 0.8860612485834275,
  "colsample_bytree": 0.9617121346739991,
  "reg_alpha": 0.0009765625,
  "reg_lambda": 13.128199871112704
}